{"hrd_sidebar_3":{"calendar-2":{"title":"Calendar"},"nav_menu-2":{"title":"Custom Menu","nav_menu":33},"meta-2":{"title":"Meta"},"pages-2":{"title":"Pages","sortby":"post_title","exclude":""},"recent-comments-2":{"title":"Recent Comments","number":5},"recent-posts-2":{"title":"Recent Posts","number":5,"show_date":true},"rss-2":{"title":"Meks Blog","url":"http:\/\/mekshq.com\/feed\/","link":"http:\/\/mekshq.com\/","items":10,"error":false,"show_summary":1,"show_author":1,"show_date":1},"search-2":{"title":"Search"},"tag_cloud-2":{"title":"Tag Cloud","taxonomy":"post_tag"},"text-2":{"title":"Text","text":"Distinctively utilize long-term high-impact total linkage whereas high-payoff experiences. Appropriately communicate 24\/365.","filter":false},"archives-2":{"title":"Archives","count":1,"dropdown":0}},"hrd_sidebar_6":{"herald_posts_widget-8":{"title":"Media of the day","orderby":"date","category":null,"numposts":5,"time":"0","style":"f","slider":0,"cat_link":0,"auto_detect":0,"meta":[],"manual":["61"," 134"]}},"hrd_sidebar_7":{"categories-3":{"title":"All Topics","count":1,"hierarchical":0,"dropdown":0}},"hrd_sidebar_9":{"mks_ads_widget-12":{"title":"","size":"large","num_per_view":1,"rotate":0,"randomize":0,"nofollow":0,"ad_width":0,"ad_height":0,"ads":[{"img":"http:\/\/mekshq.com\/static\/herald\/banner300x250_white.jpg","link":"http:\/\/mekshq.com"}]}},"hrd_default_sticky_sidebar":{"mks_ads_widget-13":{"title":"","size":"custom","num_per_view":1,"rotate":0,"randomize":0,"nofollow":0,"ad_width":300,"ad_height":316,"ads":[{"img":"http:\/\/mekshq.com\/static\/herald\/banner300x316_white.jpg","link":"http:\/\/mekshq.com"}]}},"hrd_footer_sidebar_4":{"herald_posts_widget-11":{"title":"Most Discussed","orderby":"comment_count","category":null,"numposts":3,"time":"0","style":"g1","slider":0,"cat_link":0,"auto_detect":0,"meta":["comments"],"manual":[]}},"herald_default_sidebar":{"herald_posts_widget-9":{"title":"Featured","orderby":"comment_count","category":null,"numposts":5,"time":"0","style":"f","slider":0,"cat_link":1,"auto_detect":1,"meta":[],"manual":[]}},"herald_default_sticky_sidebar":{"mks_ads_widget-10":{"title":"","size":"custom","num_per_view":1,"rotate":0,"randomize":0,"nofollow":0,"ad_width":300,"ad_height":316,"ads":[{"img":"http:\/\/mekshq.com\/static\/herald\/banner300x316_white.jpg","link":"http:\/\/themeforest.net\/item\/herald-news-portal-magazine-wordpress-theme\/13800118?ref=meks&#038;license=regular&#038;open_purchase_for_item_id=13800118&#038;purchasable=source"}]}},"herald_sidebar_1":{"herald_posts_widget-4":{"title":"Most Discussed","orderby":"comment_count","category":null,"numposts":5,"title_limit":53,"date_limit":"0","style":"f","auto_detect":0,"meta":["comments"],"manual":[],"time":"0","slider":0,"cat_link":0}},"herald_sidebar_2":{"mks_ads_widget-8":{"title":"","size":"large","num_per_view":1,"rotate":0,"randomize":0,"nofollow":0,"ad_width":0,"ad_height":0,"ads":[{"img":"http:\/\/mekshq.com\/static\/herald\/banner300x250_white.jpg","link":"http:\/\/themeforest.net\/item\/herald-news-portal-magazine-wordpress-theme\/13800118?ref=meks&#038;license=regular&#038;open_purchase_for_item_id=13800118&#038;purchasable=source"}]}},"herald_footer_sidebar_1":{"text-3":{"title":"","text":"<p><img src=\"http:\/\/mekshq.com\/static\/herald\/herald_logo_white.png\" alt=\"Herald\"><\/p>\r\n<p>Herald is the next generation WordPress magazine theme, featuring a fully flexible header with 3 customizable areas and an easy-to-use module builder for more than 500 different layout combinations<\/p>\r\n<p style=\"margin-top:25px\">[mks_button size=\"small\" title=\"Find out more\" style=\"squared\" url=\"http:\/\/themeforest.net\/item\/herald-news-portal-magazine-wordpress-theme\/13800118\" target=\"_blank\" bg_color=\"#00897B\" txt_color=\"#FFFFFF\"]<\/p>","filter":false}},"herald_footer_sidebar_2":{"herald_posts_widget-10":{"title":"Most Popular","orderby":"views","category":null,"numposts":3,"time":"0","style":"g1","slider":0,"cat_link":0,"auto_detect":0,"meta":["views"],"manual":[]}},"herald_footer_sidebar_3":{"tag_cloud-3":{"title":"Tags","taxonomy":"post_tag"}}}